{
	"type": "GenericSmelter",
	"name": "KENG-SporePod",
	"description": "Bruning",
	"health": 1000,
	"size": 4,
	"craftTime": 2,
	"hasItems": false,
	"hasPower": true,
	"hasLiquids": true,
	"itemCapacity": 100,
	"consumes": {
		"power": 2.0,
		"liquid": {
			"liquid": "water",
			"amount": 10.0,
		},
	},
	"outputItem": {"item": "spore-pod", "amount": 50},
	"requirements": [
		{"item": "graphite", "amount": 1000},
		{"item": "iron", "amount": 500},
	],
	"updateEffect": "smeltsmoke",
	"reseach": "BLOCK1",
	"category": "crafting",
	"idleSound": "hum",
	"idleSoundVolume": 0.5,
	"floating": true,
}