{	
	"type": "GenericSmelter",
	"name": "KENG-Scrap",
	"description": "Go Green, Start with Me",
	"health": 1000,
	"size": 4,
	"hasItems": true,
	"hasLiquids": true,
	"hasPower": true,
	"consumes": {
		"power": 0.7,
		"items": {
			"items": [
				{"item": "sand", "amount": 10},
			],
		},
	},
	"outputItem": {"item": "scrap", "amount": 5},
	"requirements": [
		{"item": "graphite", "amount": 1000},
		{"item": "iron", "amount": 1000},
	],
	"reseach": "BLOCK1",
	"category": "crafting",
	"floating": true,
}