{
	"type": "GenericSmelter",
	"name": "KENG-PhaseFabric",
	"description": "Thin and transparent",
	"health": 1000,
	"size": 4,
	"craftTime": 2,
	"hasItems": true,
	"hasPower": true,
	"hasLiquids": false,
	"itemCapacity": 100,
	"consumes": {
		"power": 2.0,
		"items": {
			"items": [
				{"item": "sand", "amount": 10},
				{"item": "thorium", "amount": 1},
			],
		},
	},
	"outputItem": {"item": "phase-fabric", "amount": 20},
	"requirements": [
		{"item": "graphite", "amount": 1000},
		{"item": "thorium", "amount": 500},
		{"item": "iron", "amount": 500},
	],
	"updateEffect": "smeltsmoke",
	"reseach": "BLOCK5",
	"category": "crafting",
	"idleSound": "hum",
	"loopSoundVolume": 0.5,
	"floating": true,
}