{
	"type": "GenericSmelter",
	"name": "KENG-Graphite",
	"description": "PUSH PUSH PUSH",
	"health": 1000,
	"size": 4,
	"craftTime": 5,
	"hasItems": true,
	"hasPower": true,
	"hasLiquids": false,
	"itemCapacity": 100,
	"consumes": {
		"power": 1.5,
		"items": {
			"items": [
				{"item": "coal", "amount": 10},
			],
		},
	},
	"outputItem": {"item": "graphite", "amount": 20},
	"requirements": [
		{"item": "graphite", "amount": 1000},
		{"item": "iron", "amount": 500},
	],
	"updateEffect": "smeltsmoke",
	"reseach": "graphite-press",
	"category": "crafting",
	"idleSound": "hum",
	"idleSoundVolume": 0.5,
	"floating": true,
}