{
	"type": "GenericSmelter",
	"name": "KENG-Plastanium",
	"description": "Infinite Bullets.",
	"health": 1000,
	"size": 4,
	"craftTime": 2,
	"hasItems": true,
	"hasPower": true,
	"hasLiquids": false,
	"itemCapacity": 100,
	"consumes": {
		"power": 1.5,
		"items": {
			"items": [
				{"item": "titanium", "amount": 10},
			],
		},
	},
	"outputItem": {"item": "plastanium", "amount": 40},
	"requirements": [
		{"item": "titanium","amount": 2000},
		{"item": "graphite", "amount": 1000},
		{"item": "iron", "amount": 500},
		{"item": "silicon", "amount": 250},
	],
	"updateEffect": "smeltsmoke",
	"reseach": "BLOCK3",
	"category": "crafting",
	"idleSound": "hum",
	"loopSoundVolume": 0.5,
	"floating": true,
}