{
	"type": "GenericSmelter",
	"name": "KENG-metaglass",
	"description": "bingbing",
	"health": 1000,
	"size": 4,
	"craftTime": 2,
	"hasItems": true,
	"hasPower": true,
	"hasLiquids": false,
	"itemCapacity": 100,
	"consumes": {
		"power": 2.0,
		"items": {
			"items": [
				{"item": "sand", "amount": 10},
			],
		},
	},
	"outputItem": {"item": "metaglass", "amount": 20},
	"requirements": [
		{"item": "graphite", "amount": 1000},
		{"item": "iron", "amount": 500},
		{"item": "metaglass", "amount": 250},
	],
	"updateEffect": "smeltsmoke",
	"reseach": "BLOCK1",
	"category": "crafting",
	"idleSound": "hum",
	"idleSoundVolume": 0.5,
	"floating": true,
}