{
	"type": "ItemTurret",
	"name": "KENGusb",
	"description": "A usb.Please use caution.",
	"health": 10000000000,
	"size": 1,
	"hasItems": true,
	"hasLiquids": false,
	"itemCapacity": 100,
	"reloadTime": 1,
	"ratateSpeed": 100,
	"range": 10000,
	"shots": 100,
	"inaccuracy": 0.1,
	"ammoUseEffect": "shootBig2",
	"ammoTypes": {
		"copper": {
			"width": 1000,
			"height": 1000,
			"speed": 1000,
			"damage": 1000000000000,
			"lifetime": 100,
			"shootEffect": "shootSmall",
			"smokeEffect": "shootSmallSmoke",
			"sprite": "ammo-USB",
		},
		"lead": {
			"width": 1000,
			"height": 1000,
			"speed": 1000,
			"damage": 1000000000000,
			"lifetime": 100,
			"shootEffect": "shootSmall",
			"smokeEffect": "shootSmallSmoke",
			"sprite": "ammo-USB",
		},
		"sand": {
			"width": 1000,
			"height": 1000,
			"speed": 1000,
			"damage": 1000000000000,
			"lifetime": 100,
			"shootEffect": "shootSmall",
			"smokeEffect": "shootSmallSmoke",
			"sprite": "ammo-USB",
		},
		"coal": {
			"width": 1000,
			"height": 1000,
			"speed": 1000,
			"damage": 1000000000000,
			"lifetime": 100,
			"shootEffect": "shootSmall",
			"smokeEffect": "shootSmallSmoke",
			"sprite": "ammo-USB",
		},
		"thorium": {
			"width": 1000,
			"height": 1000,
			"speed": 1000,
			"damage": 1000000000000,
			"lifetime": 100,
			"shootEffect": "thoriumShoot",
			"smokeEffect": "nuclearsmoke",
			"sprite": "ammo-USB",
		},
		"graphite": {
			"width": 1000,
			"height": 1000,
			"speed": 1000,
			"damage": 1000000000000,
			"lifetime": 100,
			"shootEffect": "shootSmall",
			"smokeEffect": "shootSmallSmoke",
			"sprite": "ammo-USB",
		},
		"titanium": {
			"width": 1000,
			"height": 1000,
			"speed": 1000,
			"damage": 1000000000000,
			"lifetime": 100,
			"shootEffect": "freezing",
			"smokeEffect": "shootSmallSmoke",
			"sprite": "ammo-USB",
		},
		"silicon": {
			"width": 1000,
			"height": 1000,
			"speed": 1000,
			"damage": 1000000000000,
			"lifetime": 100,
			"shootEffect": "shootSmall",
			"smokeEffect": "shootSmallSmoke",
			"sprite": "ammo-USB",
		},
		"pyratite": {
			"width": 1000,
			"height": 1000,
			"speed": 1000,
			"damage": 1000000000000,
			"lifetime": 100,
			"shootEffect": "fire",
			"smokeEffect": "fireSmoke",
			"sprite": "ammo-USB",
		},
		"scrap": {
			"width": 1000,
			"height": 1000,
			"speed": 1000,
			"damage": 1000000000000,
			"lifetime": 100,
			"shootEffect": "shootSmall",
			"smokeEffect": "shootSmallSmoke",
			"sprite": "ammo-USB",
		},
	},
	"requirements": [
		{"item": "HELLOWORLD", "amount": 100},
		{"item": "[98]Cf-252", "amount": 100},
		{"item": "copper", "amount": 10000},
		{"item": "surge-alloy", "amount": 1000},
	],
	"category": "turret",
	"reseach": "KENGWALL",
	"floating": true,
}