{
	"type": "GenericSmelter",
	"name": "[#DF1616]Extreme [#165CDF]press",
	"description": "Diamonds are carbon monomers",
	"health": 1000,
	"size": 4,
	"craftTime": 30,
	"hasItems": true,
	"hasPower": true,
	"hasLiquids": false,
	"itemCapacity": 75,
	"consumes": {
		"power": 10.0,
		"items": {
			"items": [
				{"item": "coal", "amount": 50},
			],
		},
	},
	"outputItem": {"item": "diamond", "amount": 1},
	"requirements": [
		{"item": "graphite", "amount": 1000},
		{"item": "iron", "amount": 1000},
		{"item": "uranium", "amount": 750},
	],
	"updateEffect": "fire",
	"reseach": "multi-press",
	"category": "crafting",
	"idleSound": "press",
	"idleSoundVolume": 0.5,
	"floating": true,
}