{	
	"type": "Separator",
	"name": "Ionizer",
	"description": "null",
	"health": 1000,
	"size": 2,
	"hasItems": true,
	"hasLiquids": true,
	"hasPower": true,
	"craftTime": 1.77,
	"consumes": {
		"power": 0.7,
		"liquid": {
			"liquid": "water",
			"amount": 0.01,
		},
	},
	"results": [
	    {"item": "[1]H", "amount": 2},
	    {"item": "[8]O", "amount": 1},
	],
	"requirements": [
		{"item": "steel", "amount": 500},
		{"item": "lead", "amount": 250},
		{"item": "graphite", "amount": 300},
	],
	"reseach": "graphite-press",
	"category": "crafting",
}