{
	"type": "Separator",
	"name": "KENGseparator",
	"description": "Mucking and mucking,scrap into material.                                                                                                                     [#FF0000]Note: This is the only way to obtain iron",
	"heaith": 1000,
	"size": 2,
	"hasItems": true,
	"hasPower": true,
	"hasLiquids": true,
	"itemCapacity": 200,
	"craftTime": 1.2,
	"consumes": {
		"power": 10,
		"liquid": {
			"liquid": "slag", 
			"amount": 1.5,
		},
	},
	"results": [
		{"item": "copper", "amount": 10},
		{"item": "lead", "amount": 10},
		{"item": "thorium", "amount": 5},
		{"item": "iron", "amount": 10},
		{"item": "titanium", "amount": 15},
		{"item": "sand", "amount": 20},
	],
	"requirements": [
		{"item": "titanium", "amount": 1000},
		{"item": "silicon", "amount": 750},
		{"item": "lead", "amount": 500},
		{"item": "copper", "amount": 1500},
	],
	"updateEffect": "melting",
	"category": "crafting",
	"reseach": "separator",
}