{
	"type": "GenericSmelter",
	"name": "Oil refiners",
	"description": "Plastics from oil",
	"health": 700,
	"size": 2,
	"craftTime": 2.5,
	"hasItems": false,
	"hasLiquids": true,
	"hasPower": true,
	"itemCapacity": 10,
	"consumes": {
		"power": 1.5,
		"liquid": {
			"liquid": "oil", 
			"amount": 0.5,
		},
	},
	"outputItem": {"item": "plastic", "amount": 1},
	"requirements": [
		{"item": "copper", "amount": 100},
		{"item": "silicon", "amount": 75},
		{"item": "lead", "amount": 75},
		{"item": "steel", "amount": 50},
	],
	"updateEffect": "smeltsmoke",
	"reseach": "spore-press",
	"category": "crafting",
	"idleSoundVolume": 0.7,
	"floating": true,
}