{
	"type": "GenericSmelter",
	"name": "Thermal furnaces",
	"description": "Heat melts steel",
	"health": 1000,
	"size": 2,
	"craftTime": 7.5,
	"hasItems": true,
	"hasPower": false,
	"hasLiquids": false,
	"itemCapacity": 20,
	"consumes": {
		"items": {
			"items": [
				{"item": "coal", "amount": 5},
				{"item": "iron", "amount": 2},
			],
		},
	},
	"outputItem": {"item": "steel", "amount": 1},
	"requirements": [
		{"item": "copper", "amount": 300},
		{"item": "iron", "amount": 200},
		{"item": "lead", "amount": 150},
		{"item": "silicon", "amount": 50},
	],
	"updateEffect": "smeltsmoke",
	"reseach": "kiln",
	"category": "crafting",
	"idleSoundVolume": 0.5,
}