{
	"type": "GenericSmelter",
	"name": "Electric furnaces",
	"description": "Faster and more productive",
	"health": 700,
	"size": 2,
	"craftTime": 0.5,
	"hasItems": true,
	"hasPower": true,
	"hasLiquids": false,
	"itemCapacity": 100,
	"consumes": {
		"power": 2.0,
		"items": {
			"items": [
				{"item": "coal", "amount": 2},
				{"item": "iron", "amount": 2},
			],
		},
	},
	"outputItem": {"item": "steel", "amount": 2},
	"requirements": [
		{"item": "lead", "amount": 250},
		{"item": "silicon", "amount": 300},
		{"item": "graphite", "amount": 200},
	],
	"updateEffect": "smeltsmoke",
	"reseach": "steel-v1",
	"category": "crafting",
	"idleSoundVolume": 0.3,
	"floating": true,
}