{
	"type": "BurnerGenerator",
	"name": "Protium heaters",
	"health": 10000,
	"size": 3,
	"hasPower": true,
	"hasItems": true,
	"hasLiquids": true,
	"outputsPower": true,
	"consumes": {
		"items": {
			"items": [
				{"item": "H1", "amount": 1},
			],
		},
		"liquid": {
			"liquid": "water",
			"amount": 1.2,
		},
	},
	"powerProduction": 5.5,
	"requirements": [
		{"item": "steel", "amount": 1000},
		{"item": "lead", "amount": 500},
		{"item": "metaglass", "amount": 100},
	],
	"reseach": "steam-generator",
	"category": "power",
}