{
	"type": "UnitFactory",
	"name": "KENG-UnitFactory",
	"health": 5000,
	"size": 2,
	"consumes": {
	    "power": 1.0,
	},
	"plans": [
		{
		"unit": "MINER1",
		"requirements": [
			{"item": "copper", "amount": 100},
			{"item": "silicon", "amount": 50},
		],
		"time": 75,
		},
	],
	"requirements": [
	    {"item": "steel", "amount": 1000},
	    {"item": "titanium", "amount": 750},
	    {"item": "silicon", "amount": 250},
	],
	"reserch": "ground-factory",
	"category": "units",
}